{"cameraMode":{"drawMode":0,"name":"Shaded","section":"Shading Mode"},"sceneLighting":true,"audioPlay":false,"sceneViewState":{"m_AlwaysRefresh":false,"showFog":true,"showSkybox":true,"showFlares":true,"showImageEffects":true,"showParticleSystems":true,"showVisualEffectGraphs":true,"m_FxEnabled":false},"in2DMode":false,"pivot":{"x":0.2627648115158081,"y":1.1345655918121338,"z":-0.24942338466644288},"rotation":{"x":0.06275404244661331,"y":-0.7472947239875794,"z":0.06932233273983002,"w":0.6584822535514832},"size":0.8660253882408142,"orthographic":false}